Workbook
Name Chat_lieu: OFFSET('Bảng giá giấy'!$B$3,MATCH('Bảng tính giá Tổng hợp'!A1&"*",Ma_Giay,0)-1,0,COUNTIF(Ma_Giay,'Bảng tính giá Tổng hợp'!A1&"*"),1)
Name Ma_Giay: OFFSET('Bảng giá giấy'!$B$3,0,0,COUNTA('Bảng giá giấy'!$B:$B)-2,1)

Sheet BG - Hộp Sóng Nắp Cài Pizza
A1: Bảng giá Hộp Sóng - Nắp Cài Pizza
D2: Đơn giá | AI2: Đơn giá
A3: Số lượng | B3: ='Bảng tính giá Tổng hợp'!C4 -> 10000 | D3: =L72/B3 -> 8392.8741 | F3: Kích thước | G3: Dài | H3: Rộng | I3: Cao | K3: Thành | L3: Tai cài | M3: Bù | N3: Nới xén | AF3: Số lượng | AG3: =IF('Bảng tính giá Tổng hợp'!L7="Không Khay",0,'Bảng tính giá Tổng hợp'!C4) -> 0 | AI3: =IFERROR(AQ72/AG3,0) -> 0 | AK3: Kích thước | AL3: Dài | AM3: Rộng | AN3: Cao | AP3: Bù xén Cao su/Foam
A4: Chất liệu | B4: ='Bảng tính giá Tổng hợp'!C9 -> i300 | G4: ='Bảng tính giá Tổng hợp'!B8 -> 32 | H4: ='Bảng tính giá Tổng hợp'!C8 -> 22 | I4: ='Bảng tính giá Tổng hợp'!D8 -> 8 | K4: ='Bảng tính giá Tổng hợp'!E8 -> 0.5 | M4: =IF(OR(B9="Không",B9=0),0.1,IF(AND(B9=""),0.1,0.1)) -> 0.1 | N4: =IF(OR(B9="Không",B9=0),0.2,IF(AND(B9=""),0.2,0.4)) -> 0.4 | AF4: Chất liệu | AG4: ='Bảng tính giá Tổng hợp'!M9 -> i300 | AL4: =G4-K4*2 -> 31 | AM4: =H4-N4 -> 21.6 | AN4: ='Bảng tính giá Tổng hợp'!N8 -> 4 | AP4: 0.4
A5: Cán | B5: ='Bảng tính giá Tổng hợp'!C10 -> Mờ | AF5: Cán | AG5: ='Bảng tính giá Tổng hợp'!M10 -> Mờ
A6: Số bát | B6: ='Bảng tính giá Tổng hợp'!C11 -> 1x1 | C6: =IF(B6="1x1",1*1,IF(B6="1x2",1*2,IF(B6="1x3",1*3,IF(B6="2x2",2*2,IF(B6="2x3",2*3,IF(B6="2x4",2*4,IF(B6="3x3",3*3,IF(B6="3x4",3*4,IF(B6="1x2 Ngang",1*2,IF(B6="1x3 Ngang",1*3,IF(B6="2x3 Ngang",2*3,IF(B6="2x4 Ngang",2*4,IF(B6="3x4 Ngang",3*4))))))))))))) -> 1 | F6: Định lượng giấy | G6: Bù hao | H6: Định lượng bồi | I6: Bù hao bồi | K6: Máy in | L6: Số màu | M6: Nội dung | N6: Cái/Thùng | AF6: Số bát | AG6: ='Bảng tính giá Tổng hợp'!M11 -> 1x2 | AH6: =IF(AG6="1x1",1*1,IF(AG6="1x2",1*2,IF(AG6="1x3",1*3,IF(AG6="2x2",2*2,IF(AG6="2x3",2*3,IF(AG6="2x4",2*4,IF(AG6="3x3",3*3,IF(AG6="3x4",3*4,IF(AG6="1x2 Ngang",1*2,IF(AG6="1x3 Ngang",1*3,IF(AG6="2x3 Ngang",2*3,IF(AG6="2x4 Ngang",2*4,IF(AG6="3x4 Ngang",3*4))))))))))))) -> 2 | AI6: Bù hao khay | AK6: Định lượng giấy | AL6: Bù hao | AM6: Định lượng bồi | AN6: Bù hao bồi | AP6: Máy in | AQ6: Số màu | AR6: Nội dung | AS6: Cái/Thùng
A7: Dây xách | B7: ='Bảng tính giá Tổng hợp'!C17 -> 0 | F7: =IFERROR(VLOOKUP(B4,'Bảng giá giấy'!$B:$C,2,0),0) -> 300 | G7: =IF(OR(B10="Bạc",B10="Bạc Prime",B10="Vàng",B10="Vàng Prime",B13="Có",B14="Có",B15="Có",B18="Có",B21="Bóng",B21="Cát"),IF(B3/C6*5%<150,150,B3/C6*5%),IF(B3/C6*4%<100,100,B3/C6*4%)) -> 400 | H7: =IFERROR(VLOOKUP(B9,'Bảng giá giấy'!$B:$C,2,0),0) -> 1 | I7: =IF(B3/C6*3%<100,100,B3/C6*3%) -> 300 | K7: =IF(B14="Có","UV",IF(OR($D$88+1>54.5,$E$88>79),16,IF(AND($D$88+1<=52.5,$E$88<=72.5),IF(L7=1,12,10),IF(L7=1,12,16)))) -> 16 | L7: ='Bảng tính giá Tổng hợp'!C12 -> 4 | M7: 1 | N7: 200 | AF7: Dây xách | AG7: 0 | AI7: 20 | AK7: =IFERROR(VLOOKUP(AG4,'Bảng giá giấy'!$B:$C,2,0),0) -> 300 | AL7: =IF(OR(AF10="Bạc",AF10="Bạc Prime",AF10="Vàng",AF10="Vàng Prime",AF13="Có",AF14="Có",AF15="Có",AF18="Có",AF21="Bóng",AF21="Cát"),IF(AG3/AH6*3%<150,150,AG3/AH6*3%),IF(AG3/AH6*2.5%<100,100,AG3/AH6*2.5%)) -> 100 | AM7: =IFERROR(VLOOKUP(AG9,'Bảng giá giấy'!$B:$C,2,0),0) -> 1 | AN7: =IF(AG3/AH6*2.5%<100,100,AG3/AH6*2.5%) -> 100 | AP7: =IF(AG14="Có","UV",IF(OR(AI88+1>54.5,AJ88>79),16,IF(AND(AI88+1<=52.5,AJ88<=72.5),IF(AP7=1,12,10),IF(AP7=1,12,16)))) -> 10 | AQ7: ='Bảng tính giá Tổng hợp'!M12 -> 1 | AR7: 1 | AS7: 1500
A8: Vận chuyển | B8: 0 | AF8: Vận chuyển | AG8: 0
A9: Bồi | B9: ='Bảng tính giá Tổng hợp'!C13 -> Sóng E Nâu | F9: Gia công | G9: Giá cán | H9: Giá in | I9: Giá lượt | J9: Giá giấy | K9: Giá Giấy Bồi | L9: Giá Bồi | N9: Giá Metalize | AF9: Bồi | AG9: ='Bảng tính giá Tổng hợp'!M13 -> Sóng E Nâu | AK9: Gia công | AL9: Giá cán | AM9: Giá in | AN9: Giá lượt | AO9: Giá giấy | AP9: Giá Giấy Bồi | AQ9: Giá Bồi | AS9: Giá Metalize
A10: Ghép Màng Metalize | B10: ='Bảng tính giá Tổng hợp'!C14 -> 0 | F10: =IF(OR(B9="Không",B9=0,B9=""),IF(B3<5000,250,200),IF(B3<5000,500,350)) -> 350 | G10: =IF(B5="mờ",0.22,IF(B5="bóng",0.2,IF(B5=0,0,IF(B5="Đặc biệt",1.2)))) -> 0.22 | H10: =IF(K7=8,90000,IF(K7=10,100000,IF(K7=12,170000,IF(K7=16,230000,IF(K7="UV",580000))))) -> 230000 | I10: =IF(K7=8,35,IF(K7=10,40,IF(K7=12,70,IF(K7=16,80,IF(K7="UV",180))))) -> 80 | J10: =IFERROR(VLOOKUP(B4,'Bảng giá giấy'!$B:$D,3,0),0) -> 17.4 | K10: =IFERROR(VLOOKUP(B9,'Bảng giá giấy'!$B:$D,3,0),0) -> 3800 | L10: 1300 | N10: =IF(B10="Bạc",0.31,IF(B10="Bạc Prime",0.37,IF(B10="Vàng",0.4,IF(B10="Vàng Prime",0.44)))) -> FALSE | AF10: Ghép Màng Metalize | AG10: ='Bảng tính giá Tổng hợp'!M14 -> 0 | AK10: =IF(OR(AG9="Không",AG9=0,AG9=""),IF(AG3<5000,200,150),IF(AG3<5000,500,350)) -> 500 | AL10: =IF(AG5="mờ",0.22,IF(AG5="bóng",0.2,IF(AG5=0,0,IF(AG5="Đặc biệt",1.2)))) -> 0.22 | AM10: =IF(AP7=8,90000,IF(AP7=10,100000,IF(AP7=12,170000,IF(AP7=16,230000,IF(AP7="UV",580000))))) -> 100000 | AN10: =IF(AP7=8,35,IF(AP7=10,40,IF(AP7=12,70,IF(AP7=16,80,IF(AP7="UV",180))))) -> 40 | AO10: =IFERROR(VLOOKUP(AG4,'Bảng giá giấy'!$B:$D,3,0),0) -> 17.4 | AP10: =IFERROR(VLOOKUP(AG9,'Bảng giá giấy'!$B:$D,3,0),0) -> 3800 | AQ10: 1300 | AS10: =IF(AG10="Bạc",0.31,IF(AG10="Bạc Prime",0.37,IF(AG10="Vàng",0.4,IF(AG10="Vàng Prime",0.44)))) -> FALSE
A11: In Mặt trong | B11: ='Bảng tính giá Tổng hợp'!C18 -> 0 | C11: Màu | H11: Giá in mặt trong | AF11: In Mặt trong | AG11: 0 | AH11: Màu | AM11: Giá in mặt trong
A12: Cán Mặt trong | B12: ='Bảng tính giá Tổng hợp'!C19 -> 0 | H12: =IF(K7=8,120000,IF(K7=10,150000,IF(K7=12,200000,IF(K7=16,250000,IF(K7="UV",250000))))) -> 250000 | I12: =IF(K7=8,40,IF(K7=10,50,IF(K7=12,70,IF(K7=16,100,IF(K7="UV",100))))) -> 100 | AF12: Cán Mặt trong | AG12: 0 | AM12: =IF(AP7=8,120000,IF(AP7=10,150000,IF(AP7=12,200000,IF(AP7=16,250000,IF(AP7="UV",250000))))) -> 150000 | AN12: =IF(AP7=8,40,IF(AP7=10,50,IF(AP7=12,70,IF(AP7=16,100,IF(AP7="UV",100))))) -> 50 | AS12: Thùng Cao Su
A13: Lăn Vân | B13: ='Bảng tính giá Tổng hợp'!C16 -> 0 | AF13: Lăn Vân | AG13: ='Bảng tính giá Tổng hợp'!M16 -> 0 | AS13: =IF(AF24+AF26=0,0,1000/(AF24+AF26)) -> 0
A14: In Offset UV | B14: ='Bảng tính giá Tổng hợp'!C15 -> 0 | G14: Dài | H14: Rộng | I14: Số vị trí | J14: Cm2 | AF14: In Offset UV | AG14: ='Bảng tính giá Tổng hợp'!M15 -> 0 | AL14: Dài | AM14: Rộng | AN14: Số vị trí | AO14: Cm2
A15: Ép nhũ 1 | B15: ='Bảng tính giá Tổng hợp'!C25 -> 0 | C15: ='Bảng tính giá Tổng hợp'!D25 -> 1 Mặt | F15: Kích thước | G15: ='Bảng tính giá Tổng hợp'!C26 -> 0 | H15: ='Bảng tính giá Tổng hợp'!D26 -> 0 | I15: ='Bảng tính giá Tổng hợp'!E26 -> 1 | J15: =IF(G15*H15<=100,100,G15*H15) -> 100 | AF15: Ép nhũ 1 | AG15: ='Bảng tính giá Tổng hợp'!M25 -> 0 | AH15: ='Bảng tính giá Tổng hợp'!N25 -> 1 Mặt | AK15: Kích thước | AL15: ='Bảng tính giá Tổng hợp'!M26 -> 0 | AM15: ='Bảng tính giá Tổng hợp'!N26 -> 0 | AN15: ='Bảng tính giá Tổng hợp'!O26 -> 1 | AO15: =IF(AL15*AM15<=100,100,AL15*AM15) -> 100
A16: Ép nhũ 2 | B16: ='Bảng tính giá Tổng hợp'!C27 -> 0 | C16: ='Bảng tính giá Tổng hợp'!D27 -> 1 Mặt | F16: Kích thước | G16: ='Bảng tính giá Tổng hợp'!C28 -> 0 | H16: ='Bảng tính giá Tổng hợp'!D28 -> 0 | I16: ='Bảng tính giá Tổng hợp'!E28 -> 1 | J16: =IF(G16*H16<=100,100,G16*H16) -> 100 | AF16: Ép nhũ 2 | AG16: ='Bảng tính giá Tổng hợp'!M27 -> 0 | AH16: ='Bảng tính giá Tổng hợp'!N27 -> 1 Mặt | AK16: Kích thước | AL16: ='Bảng tính giá Tổng hợp'!M28 -> 0 | AM16: ='Bảng tính giá Tổng hợp'!N28 -> 0 | AN16: ='Bảng tính giá Tổng hợp'!O28 -> 1 | AO16: =IF(AL16*AM16<=100,100,AL16*AM16) -> 100
A17: Ép nhũ 3 | B17: ='Bảng tính giá Tổng hợp'!C29 -> 0 | C17: ='Bảng tính giá Tổng hợp'!D29 -> 1 Mặt | F17: Kích thước | G17: ='Bảng tính giá Tổng hợp'!C30 -> 0 | H17: ='Bảng tính giá Tổng hợp'!D30 -> 0 | I17: ='Bảng tính giá Tổng hợp'!E30 -> 1 | J17: =IF(G17*H17<=100,100,G17*H17) -> 100 | AF17: Ép nhũ 3 | AG17: ='Bảng tính giá Tổng hợp'!M29 -> 0 | AH17: ='Bảng tính giá Tổng hợp'!N29 -> 1 Mặt | AK17: Kích thước | AL17: ='Bảng tính giá Tổng hợp'!M30 -> 0 | AM17: ='Bảng tính giá Tổng hợp'!N30 -> 0 | AN17: ='Bảng tính giá Tổng hợp'!O30 -> 1 | AO17: =IF(AL17*AM17<=100,100,AL17*AM17) -> 100
A18: Thúc nổi 1 | B18: ='Bảng tính giá Tổng hợp'!C31 -> 0 | C18: ='Bảng tính giá Tổng hợp'!D31 -> 1 Mặt | F18: Kích thước | G18: ='Bảng tính giá Tổng hợp'!C32 -> 0 | H18: ='Bảng tính giá Tổng hợp'!D32 -> 0 | I18: ='Bảng tính giá Tổng hợp'!E32 -> 1 | J18: =IF(G18*H18*2<=100,100,G18*H18*2) -> 100 | AF18: Thúc nổi 1 | AG18: ='Bảng tính giá Tổng hợp'!M31 -> 0 | AH18: ='Bảng tính giá Tổng hợp'!N31 -> 1 Mặt | AK18: Kích thước | AL18: ='Bảng tính giá Tổng hợp'!M32 -> 0 | AM18: ='Bảng tính giá Tổng hợp'!N32 -> 0 | AN18: ='Bảng tính giá Tổng hợp'!O32 -> 1 | AO18: =IF(AL18*AM18*2<=100,100,AL18*AM18*2) -> 100
A19: Thúc nổi 2 | B19: 0 | C19: 1 Mặt | F19: Kích thước | G19: 0 | H19: 0 | I19: 1 | J19: =IF(G19*H19*2<=100,100,G19*H19*2) -> 100 | AF19: Thúc nổi 2 | AG19: 0 | AH19: 1 Mặt | AK19: Kích thước | AL19: 0 | AM19: 0 | AN19: 1 | AO19: =IF(AL19*AM19*2<=100,100,AL19*AM19*2) -> 100
A20: Thúc nổi 3 | B20: 0 | C20: 1 Mặt | F20: Kích thước | G20: 0 | H20: 0 | I20: 1 | J20: =IF(G20*H20*2<=100,100,G20*H20*2) -> 100 | AF20: Thúc nổi 3 | AG20: 0 | AH20: 1 Mặt | AK20: Kích thước | AL20: 0 | AM20: 0 | AN20: 1 | AO20: =IF(AL20*AM20*2<=100,100,AL20*AM20*2) -> 100
A21: Lưới UV | B21: ='Bảng tính giá Tổng hợp'!C23 -> 0 | C21: 1 Mặt | AF21: Lưới UV | AG21: ='Bảng tính giá Tổng hợp'!M23 -> 0 | AH21: 1 Mặt
AF23: Cao su non
AF24: ='Bảng tính giá Tổng hợp'!M17 -> 0
AF25: Xốp Foam
AF26: ='Bảng tính giá Tổng hợp'!M18 -> 0
AF27: Bồi
AF28: ='Bảng tính giá Tổng hợp'!M19 -> 0
AM34: =AL4+AP4 -> 31.4 | AN34: =AM4+AP4 -> 22
AG35: Giá | AK35: Liền | AL35: Kt Carton Thân | AM35: =IF(AM34>AN34,AM34,AN34) -> 31.4 | AN35: =IF(AN34<AM34,AN34,AM34) -> 22
AM36: Dài | AN36: Rộng | AO36: Thừa | AR36: Số bát | AS36: SL Carton
AG37: 15000 | AH37: Xốp Foam | AI37: =IFERROR(AS37*AK37*AF26,0) -> 0 | AJ37: 1x1 | AK37: =AG37 -> 15000 | AM37: 100 | AN37: 100 | AP37: =ROUNDDOWN(AM37/AM35,0) -> 3 | AQ37: =ROUNDDOWN(AN37/AN35,0) -> 4 | AR37: =AP37*AQ37 -> 12 | AS37: =ROUNDUP((AG3+AI7)/(AR37+AR38),0) -> 2
AH38: Khổ thừa | AM38: =AM37-AP37*AM35 -> 5.8 | AN38: =AN37-AN35*AQ37 -> 12 | AO38: =IF(AP37*AM35<AN37,100,AN37-AN35*AQ37) -> 100 | AP38: =ROUNDDOWN(IF(AM38>AN38,AM38/AN35,AN38/AN35),0) -> 0 | AQ38: =ROUNDDOWN(IF(AM38>AN38,AL38/AM35,AO38/AM35),0) -> 3 | AR38: =AP38*AQ38 -> 0
AI39: =IFERROR(AS39*AK37*AF26,0) -> 0 | AJ39: 1x1 | AK39: =AG37 -> 15000 | AM39: 100 | AN39: 100 | AP39: =ROUNDDOWN(AM39/AN35,0) -> 4 | AQ39: =ROUNDDOWN(AN39/AM35,0) -> 3 | AR39: =AP39*AQ39 -> 12 | AS39: =ROUNDUP((AG3+AI7)/(AR39+AR40),0) -> 2
AH40: Khổ thừa | AM40: =AM39-AP39*AN35 -> 12 | AN40: =AN39-AQ39*AM35 -> 5.8 | AO40: =IF(AQ39*AM35<100,100,AM39-AP39*AN35) -> 100 | AP40: =ROUNDDOWN(IF(AM40>AN40,AM40/AN35,AN40/AN35),0) -> 0 | AQ40: =ROUNDDOWN(IF(AM40>AN40,AL40/AM35,AO40/AM35),0) -> 0 | AR40: =AP40*AQ40 -> 0
AH41: Rẻ nhất | AI41: {=MIN(IF(AI37:AI40<>0,AI37:AI40))} -> 0 | AJ41: =VLOOKUP(AI41,AI37:AS40,2,0) -> 1x1 | AS41: =VLOOKUP(AI41,AI37:AS40,11,0) -> 2
AG43: 120000 | AH43: Cao Su non | AI43: =IFERROR(AS43*AK43*AF24,0) -> 0 | AJ43: 1.22x2.44 | AK43: =AG43 -> 120000 | AM43: 240 | AN43: 121 | AP43: =ROUNDDOWN(AM43/AM35,0) -> 7 | AQ43: =ROUNDDOWN(AN43/AN35,0) -> 5 | AR43: =AP43*AQ43 -> 35 | AS43: =ROUNDUP((AG3+AI7)/(AR43+AR44),0) -> 1
AH44: Khổ thừa | AL44: 240 | AM44: =AM43-AM35*AP43 -> 20.2 | AN44: =AN43-AN35*AQ43 -> 11 | AO44: 121 | AP44: =ROUNDDOWN(IF(AM44>AN44,AM44/AN35,AN44/AN35),0) -> 0 | AQ44: =ROUNDDOWN(IF(AM44>AN44,AL44/AM35,AO44/AM35),0) -> 7 | AR44: =AP44*AQ44 -> 0
AI45: =IFERROR(AS45*AK45*AF24,0) -> 0 | AJ45: 1.22x2.44 | AK45: =AG43 -> 120000 | AM45: 121 | AN45: 240 | AP45: =ROUNDDOWN(AM45/AM35,0) -> 3 | AQ45: =ROUNDDOWN(AN45/AN35,0) -> 10 | AR45: =AP45*AQ45 -> 30 | AS45: =ROUNDUP((AG3+AI7)/(AR45+AR46),0) -> 1
AH46: Khổ thừa | AL46: 240 | AM46: =AM45-AM35*AP45 -> 26.8 | AN46: =AN45-AQ45*AN35 -> 20 | AO46: 121 | AP46: =ROUNDDOWN(IF(AM46>AN46,AM46/AN35,AN46/AN35),0) -> 1 | AQ46: =ROUNDDOWN(IF(AM46>AN46,AL46/AM35,AO46/AM35),0) -> 7 | AR46: =AP46*AQ46 -> 7
AH47: Rẻ nhất | AI47: {=MIN(IF(AI43:AI46<>0,AI43:AI46))} -> 0 | AJ47: =VLOOKUP(AI47,AI43:AS46,2,0) -> 1.22x2.44 | AS47: =VLOOKUP(AI47,AI43:AS46,11,0) -> 1
AM49: =AM34 -> 31.4 | AN49: =AN34 -> 22
AG50: Giá | AK50: Liền | AL50: Kt Carton Thân | AM50: =IF(AM49>AN49,AM49,AN49) -> 31.4 | AN50: =IF(AN49<AM49,AN49,AM49) -> 22
AM51: Dài | AN51: Rộng | AO51: Thừa | AR51: Số bát | AS51: SL Carton
AG52: 40000 | AH52: Nhung | AI52: =IFERROR(AS52*AK52,0) -> 80000 | AJ52: 1x1.5 | AK52: =AG52 -> 40000 | AM52: 150 | AN52: 100 | AP52: =ROUNDDOWN(AM52/AM50,0) -> 4 | AQ52: =ROUNDDOWN(AN52/AN50,0) -> 4 | AR52: =AP52*AQ52 -> 16 | AS52: =ROUNDUP((AG3+AI7)/(AR52+AR53),0) -> 2
AH53: Khổ thừa | AL53: 150 | AM53: =AM52-AP52*AM50 -> 24.4 | AN53: =AN52-AN50*AQ52 -> 12 | AO53: 100 | AP53: =ROUNDDOWN(AM53/AM50,0) -> 0 | AQ53: =ROUNDDOWN(AN53/AN50,0) -> 0 | AR53: =AP53*AQ53 -> 0
AI54: =IFERROR(AS54*AK52,0) -> 40000 | AJ54: 1.5x1 | AK54: =AG52 -> 40000 | AM54: 100 | AN54: 150 | AP54: =ROUNDDOWN(AM54/AM50,0) -> 3 | AQ54: =ROUNDDOWN(AN54/AN50,0) -> 6 | AR54: =AP54*AQ54 -> 18 | AS54: =ROUNDUP((AG3+AI7)/(AR54+AR55),0) -> 1
AH55: Khổ thừa | AL55: 150 | AM55: =AM54-AP54*AN50 -> 34 | AN55: =AN54-AQ54*AN50 -> 18 | AO55: 100 | AP55: =ROUNDDOWN(IF(AM55>AN55,AM55/AN50,AN55/AN50),0) -> 1 | AQ55: =ROUNDDOWN(IF(AM55>AN55,AL55/AM50,AO55/AM50),0) -> 4 | AR55: =AP55*AQ55 -> 4
AH56: Rẻ nhất | AI56: {=MIN(IF(AI52:AI55<>0,AI52:AI55))} -> 40000 | AJ56: =VLOOKUP(AI56,AI52:AS55,2,0) -> 1.5x1 | AS56: =VLOOKUP(AI56,AI52:AS55,11,0) -> 1
AM58: =AL4+AN4*4 -> 47 | AN58: =AM4+AN4*4 -> 37.6
AG59: Giá | AK59: Liền | AL59: Kt Carton Thân | AM59: =IF(AM58>AN58,AM58,AN58) -> 47 | AN59: =IF(AN58<AM58,AN58,AM58) -> 37.6
AM60: Dài | AN60: Rộng | AO60: Thừa | AR60: Số bát | AS60: SL Carton
AG61: 15000 | AH61: Vải | AI61: =IFERROR(AS61*AK61,0) -> 60000 | AJ61: 1x1.5 | AK61: =AG61 -> 15000 | AM61: 150 | AN61: 100 | AP61: =ROUNDDOWN(AM61/AM59,0) -> 3 | AQ61: =ROUNDDOWN(AN61/AN59,0) -> 2 | AR61: =AP61*AQ61 -> 6 | AS61: =ROUNDUP((AG3+AI7)/(AR61+AR62),0) -> 4
AH62: Khổ thừa | AL62: 150 | AM62: =AM61-AP61*AM59 -> 9 | AN62: =AN61-AN59*AQ61 -> 24.8 | AO62: 100 | AP62: =ROUNDDOWN(AM62/AM59,0) -> 0 | AQ62: =ROUNDDOWN(AN62/AN59,0) -> 0 | AR62: =AP62*AQ62 -> 0
AI63: =IFERROR(AS63*AK61,0) -> 60000 | AJ63: 1.5x1 | AK63: =AG61 -> 15000 | AM63: 100 | AN63: 150 | AP63: =ROUNDDOWN(AM63/AM59,0) -> 2 | AQ63: =ROUNDDOWN(AN63/AN59,0) -> 3 | AR63: =AP63*AQ63 -> 6 | AS63: =ROUNDUP((AG3+AI7)/(AR63+AR64),0) -> 4
AH64: Khổ thừa | AL64: 150 | AM64: =AM63-AP63*AN59 -> 24.8 | AN64: =AN63-AQ63*AM59 -> 9 | AO64: 100 | AP64: =ROUNDDOWN(IF(AM64>AN64,AM64/AN59,AN64/AN59),0) -> 0 | AQ64: =ROUNDDOWN(IF(AM64>AN64,AL64/AM59,AO64/AM59),0) -> 3 | AR64: =AP64*AQ64 -> 0
AH65: Rẻ nhất | AI65: {=MIN(IF(AI61:AI64<>0,AI61:AI64))} -> 60000 | AJ65: =VLOOKUP(AI65,AI61:AS64,2,0) -> 1x1.5 | AS65: =VLOOKUP(AI65,AI61:AS64,11,0) -> 4
A70: Tổng sản xuất | L70: =SUM(L88:L154) -> 67142992 | AF70: Tổng sản xuất | AQ70: =SUM(AQ88:AQ154) -> 1531379.4
A71: Lãi suất | I71: =10%+'Bảng tính giá Tổng hợp'!E4 -> 0.25 | L71: =L70*I71 -> 16785748 | AF71: Lãi suất | AN71: =I71 -> 0.25 | AQ71: =AQ70*AN71 -> 382844.84
A72: Tổng sau lãi | L72: =L70+L71 -> 83928741 | AF72: Tổng sau lãi | AQ72: =AQ70+AQ71 -> 1914224.2
G73: Số lượng | AL73: Số lượng
A74: Giấy 1x1 | D74: =G4+(I4-M4)*2+K4*2+(I4+M4)*2+N4 -> 65.4 | E74: =H4*2+I4*2+I4-M4+N4 -> 68.3 | G74: =IF(B6="1x1",B3/C6+G7) -> 10400 | L74: =D74/100*E74/100*G74*F7*J10 -> 24249472 | AF74: Giấy 1x1 | AI74: =AM4+AN4*2 -> 29.6 | AJ74: =AL4+AN4*2 -> 39 | AL74: =IF(AG6="1x1",AG3/AH6+AL7) -> FALSE | AQ74: =AI74/100*AJ74/100*AL74*AK7*AO10 -> 0
A75: Giấy 1x2 | D75: =E74 -> 68.3 | E75: =(G4+(I4-M4)*2+K4*2+(I4+M4)*2)*2+N4-(I4+M4) -> 122.3 | G75: =IF(B6="1x2",B3/C6+G7) -> FALSE | L75: =D75/100*E75/100*G75*F7*J10 -> 0 | AF75: Giấy 1x2 | AI75: =AJ74 -> 39 | AJ75: =AI74*2 -> 59.2 | AL75: =IF(AG6="1x2",AG3/AH6+AL7) -> 100 | AQ75: =AI75/100*AJ75/100*AL75*AK7*AO10 -> 120519.36
A76: Giấy 1x2 Ngang | D76: =D74 -> 65.4 | E76: =E74*2 -> 136.6 | G76: =IF(B6="1x2 Ngang",B3/C6+G7) -> FALSE | L76: =D76/100*E76/100*G76*F7*J10 -> 0 | AF76: Giấy 1x2 Ngang | AI76: =AI74 -> 29.6 | AJ76: =AJ74*2 -> 78 | AL76: =IF(AG6="1x2 Ngang",AG3/AH6+AL7) -> FALSE | AQ76: =AI76/100*AJ76/100*AL76*AK7*AO10 -> 0
A77: Giấy 1x3 | D77: =E74 -> 68.3 | E77: =(G4+(I4-M4)*2+K4*2+(I4+M4)*2)*3+N4-(I4+M4)*2 -> 179.2 | G77: =IF(B6="1x3",B3/C6+G7) -> FALSE | L77: =D77/100*E77/100*G77*F7*J10 -> 0 | AF77: Giấy 1x3 | AI77: =AJ74 -> 39 | AJ77: =AI74*3 -> 88.8 | AL77: =IF(AG6="1x3",AG3/AH6+AL7) -> FALSE | AQ77: =AI77/100*AJ77/100*AL77*AK7*AO10 -> 0
A78: Giấy 1x3 Ngang | D78: =D74 -> 65.4 | E78: =E74*3 -> 204.9 | G78: =IF(B6="1x3 Ngang",B3/C6+G7) -> FALSE | L78: =D78/100*E78/100*G78*F7*J10 -> 0 | AF78: Giấy 1x3 Ngang | AI78: =AI74 -> 29.6 | AJ78: =AJ74*3 -> 117 | AL78: =IF(AG6="1x3 Ngang",AG3/AH6+AL7) -> FALSE | AQ78: =AI78/100*AJ78/100*AL78*AK7*AO10 -> 0
A79: Giấy 2x2 | D79: =E75 -> 122.3 | E79: =E76 -> 136.6 | G79: =IF(B6="2x2",B3/C6+G7) -> FALSE | L79: =D79/100*E79/100*G79*F7*J10 -> 0 | AF79: Giấy 2x2 | AI79: =AJ75 -> 59.2 | AJ79: =AJ76 -> 78 | AL79: =IF(AG6="2x2",AG3/AH6+AL7) -> FALSE | AQ79: =AI79/100*AJ79/100*AL79*AK7*AO10 -> 0
A80: Giấy 2x3 | D80: =E76 -> 136.6 | E80: =E77 -> 179.2 | G80: =IF(B6="2x3",B3/C6+G7) -> FALSE | L80: =D80/100*E80/100*G80*F7*J10 -> 0 | AF80: Giấy 2x3 | AI80: =AJ76 -> 78 | AJ80: =AJ77 -> 88.8 | AL80: =IF(AG6="2x3",AG3/AH6+AL7) -> FALSE | AQ80: =AI80/100*AJ80/100*AL80*AK7*AO10 -> 0
A81: Giấy 2x3 Ngang | D81: =E75 -> 122.3 | E81: =E78 -> 204.9 | G81: =IF(B6="2x3 Ngang",B3/C6+G7) -> FALSE | L81: =D81/100*E81/100*G81*F7*J10 -> 0 | AF81: Giấy 2x3 Ngang | AI81: =AJ75 -> 59.2 | AJ81: =AJ78 -> 117 | AL81: =IF(AG6="2x3 Ngang",AG3/AH6+AL7) -> FALSE | AQ81: =AI81/100*AJ81/100*AL81*AK7*AO10 -> 0
A82: Giấy 2x4 | B82: Cần kiểm tra | D82: =E76 -> 136.6 | E82: =(G4+(I4-M4)*2+K4*2+(I4+M4)*2)*4+N4-(I4+M4)*3 -> 236.1 | G82: =IF(B6="2x4",B3/C6+G7) -> FALSE | L82: =D82/100*E82/100*G82*F7*J10 -> 0 | AF82: Giấy 2x4 | AG82: Cần kiểm tra | AI82: =AJ76 -> 78 | AJ82: =AI74*4 -> 118.4 | AL82: =IF(AG6="2x4",AG3/AH6+AL7) -> FALSE | AQ82: =AI82/100*AJ82/100*AL82*AK7*AO10 -> 0
A83: Giấy 2x4 Ngang | D83: =E75 -> 122.3 | E83: =E79*2 -> 273.2 | G83: =IF(B6="2x4 Ngang",B3/C6+G7) -> FALSE | L83: =D83/100*E83/100*G83*F7*J10 -> 0 | AF83: Giấy 2x4 Ngang | AI83: =AJ75 -> 59.2 | AJ83: =AJ74*4 -> 156 | AL83: =IF(AG6="2x4 Ngang",AG3/AH6+AL7) -> FALSE | AQ83: =AI83/100*AJ83/100*AL83*AK7*AO10 -> 0
A84: Giấy 3x3 | D84: =E77 -> 179.2 | E84: =E78 -> 204.9 | G84: =IF(B6="3x3",B3/C6+G7) -> FALSE | L84: =D84/100*E84/100*G84*F7*J10 -> 0 | AF84: Giấy 3x3 | AI84: =AJ77 -> 88.8 | AJ84: =AJ78 -> 117 | AL84: =IF(AG6="3x3",AG3/AH6+AL7) -> FALSE | AQ84: =AI84/100*AJ84/100*AL84*AK7*AO10 -> 0
A85: Giấy 3x4 | D85: =E78 -> 204.9 | E85: =E82 -> 236.1 | G85: =IF(B6="3x4",B3/C6+G7) -> FALSE | L85: =D85/100*E85/100*G85*F7*J10 -> 0 | AF85: Giấy 3x4 | AI85: =AJ78 -> 117 | AJ85: =AJ82 -> 118.4 | AL85: =IF(AG6="3x4",AG3/AH6+AL7) -> FALSE | AQ85: =AI85/100*AJ85/100*AL85*AK7*AO10 -> 0
A86: Giấy 3x4 Ngang | D86: =D84 -> 179.2 | E86: =E83 -> 273.2 | G86: =IF(B6="3x4 Ngang",B3/C6+G7) -> FALSE | L86: =D86/100*E86/100*G86*F7*J10 -> 0 | AF86: Giấy 3x4 Ngang | AI86: =AJ77 -> 88.8 | AJ86: =AJ83 -> 156 | AL86: =IF(AG6="3x4 Ngang",AG3/AH6+AL7) -> FALSE | AQ86: =AI86/100*AJ86/100*AL86*AK7*AO10 -> 0
A88: Giấy xả lô | D88: =IF(B6="1x1",D74,IF(B6="1x2",D75,IF(B6="1x3",D77,IF(B6="2x2",D79,IF(B6="2x3",D80,IF(B6="2x4",D82,IF(B6="3x3",D84,IF(B6="3x4",D85,IF(B6="1x2 Ngang",D76,IF(B6="1x3 Ngang",D78,IF(B6="2x3 Ngang",D81,IF(B6="2x4 Ngang",D83,IF(B6="3x4 Ngang",D86))))))))))))) -> 65.4 | E88: =IF(B6="1x1",E74,IF(B6="1x2",E75,IF(B6="1x3",E77,IF(B6="2x2",E79,IF(B6="2x3",E80,IF(B6="2x4",E82,IF(B6="3x3",E84,IF(B6="3x4",E85,IF(B6="1x2 Ngang",E76,IF(B6="1x3 Ngang",E78,IF(B6="2x3 Ngang",E81,IF(B6="2x4 Ngang",E83,IF(B6="3x4 Ngang",E86))))))))))))) -> 68.3 | G88: =(B3/C6)+G7 -> 10400 | L88: =IF(D89="",D88/100*E88/100*G88*F7*J10,IF(D89=0,D88/100*E88/100*G88*F7*J10,0)) -> 0 | AF88: Giấy xả lô | AI88: =IF(AG6="1x1",AI74,IF(AG6="1x2",AI75,IF(AG6="1x3",AI77,IF(AG6="2x2",AI79,IF(AG6="2x3",AI80,IF(AG6="2x4",AI82,IF(AG6="3x3",AI84,IF(AG6="3x4",AI85,IF(AG6="1x2 Ngang",AI76,IF(AG6="1x3 Ngang",AI78,IF(AG6="2x3 Ngang",AI81,IF(AG6="2x4 Ngang",AI83,IF(AG6="3x4 Ngang",AI86))))))))))))) -> 39 | AJ88: =IF(AG6="1x1",AJ74,IF(AG6="1x2",AJ75,IF(AG6="1x3",AJ77,IF(AG6="2x2",AJ79,IF(AG6="2x3",AJ80,IF(AG6="2x4",AJ82,IF(AG6="3x3",AJ84,IF(AG6="3x4",AJ85,IF(AG6="1x2 Ngang",AJ76,IF(AG6="1x3 Ngang",AJ78,IF(AG6="2x3 Ngang",AJ81,IF(AG6="2x4 Ngang",AJ83,IF(AG6="3x4 Ngang",AJ86))))))))))))) -> 59.2 | AL88: =(AG3/AH6)+AL7 -> 100 | AQ88: =IF(AI89="",AI88/100*AJ88/100*AL88*AK7*AO10,IF(AI89=0,AI88/100*AJ88/100*AL88*AK7*AO10,0)) -> 0
A89: Giấy khổ chuẩn | D89: ='Bảng tính giá Tổng hợp'!C21 -> 65.4 | E89: ='Bảng tính giá Tổng hợp'!D21 -> 68.3 | G89: =G88 -> 10400 | L89: =D89/100*E89/100*G89*F7*J10 -> 24249472 | AF89: Giấy khổ chuẩn | AI89: ='Bảng tính giá Tổng hợp'!M21 -> 39 | AJ89: ='Bảng tính giá Tổng hợp'!N21 -> 59.2 | AL89: =AL88 -> 100 | AQ89: =IF(OR(AG4="Không",AG4=0),0,AI89/100*AJ89/100*AL89*AK7*AO10) -> 120519.36
A90: Kẽm | D90: =IF(K7=10,60,IF(K7=12,64.5,IF(K7=16,83,IF(K7=8,56,IF(K7="UV",60))))) -> 83 | E90: =IF(D90=56,67,IF(D90=64.5,83,IF(D90=83,103,IF(D90=60,73)))) -> 103 | G90: =L7*M7 -> 4 | I90: 13 | L90: =D90*E90*G90*I90 -> 444548 | AF90: Kẽm | AI90: =IF(AP7=10,60,IF(AP7=12,64.5,IF(AP7=16,83,IF(AP7=8,56,IF(AP7="UV",60))))) -> 60 | AJ90: =IF(AI90=56,67,IF(AI90=64.5,83,IF(AI90=83,103,IF(AI90=60,73)))) -> 73 | AL90: =IF(OR(AG4="Không",AG4=0),0,AQ7*AR7) -> 1 | AN90: 13 | AQ90: =AI90*AJ90*AL90*AN90 -> 56940
A91: Kẽm Mặt trong | D91: =IF(K7=10,60,IF(K7=12,64.5,IF(K7=16,83,IF(K7=8,56,IF(K7="UV",60))))) -> 83 | E91: =IF(D90=56,67,IF(D90=64.5,83,IF(D90=83,103,IF(D90=60,73)))) -> 103 | G91: =B11 -> 0 | L91: =D91*E91*G91*I91 -> 0 | AF91: Kẽm Mặt trong | AI91: =IF(AP7=10,60,IF(AP7=12,64.5,IF(AP7=16,83,IF(AP7=8,56,IF(AP7="UV",60))))) -> 60 | AJ91: =IF(AI90=56,67,IF(AI90=64.5,83,IF(AI90=83,103,IF(AI90=60,73)))) -> 73 | AL91: =AG11 -> 0 | AQ91: =AI91*AJ91*AL91*AN91 -> 0
A92: In Offset | G92: =G90 -> 4 | I92: =IF(G88<=1000+G7,H10,IF(G88>1000+G7,H10+(G88-1000-G7)*I10)) -> 950000 | L92: =G92*I92 -> 3800000 | AF92: In Offset | AL92: =AL90 -> 1 | AN92: =IF(AL88<=1000+AL7,AM10,IF(AL88>1000+AL7,AM10+(AL88-1000-AL7)*AN10)) -> 100000 | AQ92: =AL92*AN92 -> 100000
A93: In Mặt trong | G93: =G91 -> 0 | I93: =IF(G88<=1000+G7,H12,IF(G88>1000+G7,H12+(G88-1000-G7)*I12)) -> 1150000 | L93: =G93*I93 -> 0 | AF93: In Mặt trong | AL93: =AL91 -> 0 | AN93: =IF(AL88<=1000+AL7,AM12,IF(AL88>1000+AL7,AM12+(AL88-1000-AL7)*AN12)) -> 150000 | AQ93: =AL93*AN93 -> 0
A94: Cán | D94: =IF(L89<2000000,D89,D88) -> 65.4 | E94: =IF(L89<2000000,E89,E88) -> 68.3 | G94: =G88-G7/2 -> 10200 | I94: =G10 -> 0.22 | L94: =IF(D94*E94*G94*I94<100000,100000,D94*E94*G94*I94) -> 10023544 | AF94: Cán | AI94: =IF(AQ89<2000000,AI89,AI88) -> 39 | AJ94: =IF(AQ89<2000000,AJ89,AJ88) -> 59.2 | AL94: =AL88-AL7/2 -> 50 | AN94: =AL10 -> 0.22 | AQ94: =IF(OR(AG4="Không",AG4=0),0,IF(AI94*AJ94*AL94*AN94<100000,100000,AI94*AJ94*AL94*AN94)) -> 100000
A95: Cán Mặt trong | D95: =D94 -> 65.4 | E95: =E94 -> 68.3 | G95: =G88-G8/2 -> 10400 | I95: 0.22 | L95: =IF(B12="Có",IF(D95*E95*G95*I95<100000,100000,D95*E95*G95*I95)) -> FALSE | AF95: Cán Mặt trong | AI95: =AI94 -> 39 | AJ95: =AJ94 -> 59.2 | AL95: =AL88-AL8/2 -> 100 | AN95: 0.22 | AQ95: =IF(AG12="Có",IF(AI95*AJ95*AL95*AN95<100000,100000,AI95*AJ95*AL95*AN95)) -> FALSE
A96: Metalize | D96: =D94 -> 65.4 | E96: =E94 -> 68.3 | G96: =G88 -> 10400 | I96: =N10 -> FALSE | L96: =IF(D96*E96*G96*I96=0,0,IF(D96*E96*G96*I96<100000,100000,D96*E96*G96*I96)) -> 0 | AF96: Metalize | AI96: =AI94 -> 39 | AJ96: =AJ94 -> 59.2 | AL96: =AL88 -> 100 | AN96: =AS10 -> FALSE | AQ96: =IF(AI96*AJ96*AL96*AN96=0,0,IF(AI96*AJ96*AL96*AN96<100000,100000,AI96*AJ96*AL96*AN96)) -> 0
A97: Giấy Bồi | D97: =ROUNDUP(D88,0) -> 66 | E97: =ROUNDUP(E88,0) -> 69 | G97: =B3/C6+I7 -> 10300 | L97: =D97/100*E97/100*G97*H7*K10 -> 17824356 | AF97: Giấy Bồi | AI97: =ROUNDUP(AI88,0) -> 39 | AJ97: =ROUNDUP(AJ88,0) -> 60 | AL97: =AG3/AH6+AN7 -> 100 | AQ97: =AI97/100*AJ97/100*AL97*AM7*AP10 -> 88920
A98: Công bồi | D98: =D94 -> 65.4 | E98: =E94 -> 68.3 | G98: =G97 -> 10300 | I98: =IF(OR(B9="Không",B9=0),0,IF(AND(B9=""),0,L10)) -> 1300 | L98: =IF(D98/100*E98/100*G98*I98=0,0,IF(D98/100*E98/100*G98*I98<150000,150000,D98/100*E98/100*G98*I98)) -> 5981072 | AF98: Công bồi | AI98: =AI94 -> 39 | AJ98: =AJ94 -> 59.2 | AL98: =AL97 -> 100 | AN98: =IF(OR(AG9="Không",AG9=0),0,IF(AND(AG9=""),0,AQ10)) -> 1300 | AQ98: =IF(AI98/100*AJ98/100*AL98*AN98=0,0,IF(AI98/100*AJ98/100*AL98*AN98<150000,150000,AI98/100*AJ98/100*AL98*AN98)) -> 150000
A99: Dây xách | G99: =B3 -> 10000 | I99: =IF(B7="Dù",400,IF(B7="Tơ bóng",1000,IF(B7="Lụa",800))) -> FALSE | L99: =IF(G99*I99=0,0,IF(G99*I99<100000,100000,G99*I99)) -> 0 | AF99: Dây xách | AL99: =AG3 -> 0 | AN99: =IF(AG7="Dù",400,IF(AG7="Tơ bóng",1000,IF(AG7="Lụa",800))) -> FALSE | AQ99: =IF(AL99*AN99=0,0,IF(AL99*AN99<100000,100000,AL99*AN99)) -> 0
A100: Khuôn bế | G100: 1 | I100: =IF(350000*C6<500000,500000,400000*C6) -> 500000 | L100: =G100*I100 -> 500000 | AF100: Khuôn bế | AL100: 1 | AN100: =IF(120000*AH6<250000,250000,120000*AH6) -> 250000 | AQ100: =AL100*AN100 -> 250000
A101: Gia công | G101: =G88-G7/2 -> 10200 | I101: =F10 -> 350 | L101: =IF(B9="Không",IF(G101*I101<300000,300000,G101*I101),IF(G101*I101<500000,500000,G101*I101)) -> 3570000 | AF101: Gia công | AL101: =AL88-AL7/2 -> 50 | AN101: =AK10 -> 500 | AQ101: =IF(OR(AG4="Không",AG4=0),0,IF(AG9="Không",IF(AL101*AN101<300000,300000,AL101*AN101),IF(AL101*AN101<500000,500000,AL101*AN101))) -> 500000
A102: Khuôn Ép nhũ 1 | I102: =IF(B15="Có",1200) -> FALSE | L102: =IF(B15=0,0,IF(G15*H15*I102*I15<120000,120000,G15*H15*I102*I15)) -> 0 | AF102: Khuôn Ép nhũ 1 | AN102: =IF(AG15="Có",1200) -> FALSE | AQ102: =IF(AG15=0,0,IF(AL15*AM15*AN102*AN15<120000,120000,AL15*AM15*AN102*AN15)) -> 0
A103: Khuôn Ép nhũ 2 | I103: =IF(B16="Có",1200) -> FALSE | L103: =IF(B16=0,0,IF(G16*H16*I103*I16<120000,120000,G16*H16*I103*I16)) -> 0 | AF103: Khuôn Ép nhũ 2 | AN103: =IF(AG16="Có",1200) -> FALSE | AQ103: =IF(AG16=0,0,IF(AL16*AM16*AN103*AN16<120000,120000,AL16*AM16*AN103*AN16)) -> 0
A104: Khuôn Ép nhũ 3 | I104: =IF(B17="Có",1200) -> FALSE | L104: =IF(B17=0,0,IF(G17*H17*I104*I17<120000,120000,G17*H17*I104*I17)) -> 0 | AF104: Khuôn Ép nhũ 3 | AN104: =IF(AG17="Có",1200) -> FALSE | AQ104: =IF(AG17=0,0,IF(AL17*AM17*AN104*AN17<120000,120000,AL17*AM17*AN104*AN17)) -> 0
A105: Khuôn Thúc 1 | I105: =IF(B18="Có",1200) -> FALSE | L105: =IF(B18=0,0,IF((G18*H18*I105*I18*2)*C6<120000,120000,(G18*H18*I105*I18*2)*C6)) -> 0 | AF105: Khuôn Thúc 1 | AN105: =IF(AG18="Có",1200) -> FALSE | AQ105: =IF(AG18=0,0,IF((AL18*AM18*AN105*AN18*2)*AH6<120000,120000,(AL18*AM18*AN105*AN18*2)*AH6)) -> 0
A106: Khuôn Thúc 2 | I106: =IF(B19="Có",1200) -> FALSE | L106: =IF(B19=0,0,IF((G19*H19*I106*I19*2)*C6<120000,120000,(G19*H19*I106*I19*2)*C6)) -> 0 | AF106: Khuôn Thúc 2 | AN106: =IF(AG19="Có",1200) -> FALSE | AQ106: =IF(AG19=0,0,IF((AL19*AM19*AN106*AN19*2)*AH6<120000,120000,(AL19*AM19*AN106*AN19*2)*AH6)) -> 0
A107: Khuôn Thúc 3 | I107: =IF(B20="Có",1200) -> FALSE | L107: =IF(B20=0,0,IF((G20*H20*I107*I20*2)*C6<120000,120000,(G20*H20*I107*I20*2)*C6)) -> 0 | AF107: Khuôn Thúc 3 | AN107: =IF(AG20="Có",1200) -> FALSE | AQ107: =IF(AG20=0,0,IF((AL20*AM20*AN107*AN20*2)*AH6<120000,120000,(AL20*AM20*AN107*AN20*2)*AH6)) -> 0
A108: Ép nhũ 1 | G108: =IF(C15="1 Mặt",B3+G7/2,IF(C15="2 Mặt",B3*2+G7/2)) -> 10200 | I108: =IF(B15="Có",2) -> FALSE | L108: =IF(B15=0,0,IF(J15*G108*I108<250000,250000,J15*G108*I108)) -> 0 | AF108: Ép nhũ 1 | AL108: =IF(AH15="1 Mặt",AG3+AL7/2,IF(AH15="2 Mặt",AG3*2+AL7/2)) -> 50 | AN108: =IF(AG15="Có",2) -> FALSE | AQ108: =IF(AG15=0,0,IF(AO15*AL108*AN108<250000,250000,AO15*AL108*AN108)) -> 0
A109: Ép nhũ 2 | G109: =IF(C16="1 Mặt",B3+G7/2,IF(C16="2 Mặt",B3*2+G7/2)) -> 10200 | I109: =IF(B16="Có",2) -> FALSE | L109: =IF(B16=0,0,IF(J16*G109*I109<250000,250000,J16*G109*I109)) -> 0 | AF109: Ép nhũ 2 | AL109: =IF(AH16="1 Mặt",AG3+AL7/2,IF(AH16="2 Mặt",AG3*2+AL7/2)) -> 50 | AN109: =IF(AG16="Có",2) -> FALSE | AQ109: =IF(AG16=0,0,IF(AO16*AL109*AN109<250000,250000,AO16*AL109*AN109)) -> 0
A110: Ép nhũ 3 | G110: =IF(C17="1 Mặt",B3+G7/2,IF(C17="2 Mặt",B3*2+G7/2)) -> 10200 | I110: =IF(B17="Có",2) -> FALSE | L110: =IF(B17=0,0,IF(J17*G110*I110<250000,250000,J17*G110*I110)) -> 0 | AF110: Ép nhũ 3 | AL110: =IF(AH17="1 Mặt",AG3+AL7/2,IF(AH17="2 Mặt",AG3*2+AL7/2)) -> 50 | AN110: =IF(AG17="Có",2) -> FALSE | AQ110: =IF(AG17=0,0,IF(AO17*AL110*AN110<250000,250000,AO17*AL110*AN110)) -> 0
A111: Thúc nổi | G111: =IF(B18="Có",G94) -> FALSE | I111: =IF(B18="Có",150) -> FALSE | L111: =IF(B18=0,0,IF(G111*I111<150000,150000,G111*I111)) -> 0 | AF111: Thúc nổi | AL111: =IF(AG18="Có",AL94) -> FALSE | AN111: =IF(AG18="Có",150) -> FALSE | AQ111: =IF(AG18=0,0,IF(AL111*AN111<150000,150000,AL111*AN111)) -> 0
A112: UV | G112: =G94 -> 10200 | I112: =IF(B21="Bóng",600,IF(B21="Cát",600)) -> FALSE | L112: =IF(B21=0,0,IF(G112*I112<700000,700000,G112*I112)) -> 0 | AF112: UV | AL112: =AL94 -> 50 | AN112: =IF(AG21="Bóng",600,IF(AG21="Cát",600)) -> FALSE | AQ112: =IF(AG21=0,0,IF(AL112*AN112<700000,700000,AL112*AN112)) -> 0
A113: Thùng | G113: =B3/N7 -> 50 | I113: 15000 | L113: =IF(G113*I113<15000,15000,G113*I113) -> 750000 | AF113: Thùng | AL113: =AG3/AS7 -> 0 | AN113: 15000 | AQ113: =IF(OR(AG4="Không",AG4=0),0,IF(AL113*AN113<15000,15000,AL113*AN113)) -> 15000
A114: Vận chuyển | G114: 1 | I114: =IF(B8="Ô tô", 400000, IF(B8="Xe máy", 150000,IF(B8=0,0))) -> 0 | L114: =G114*I114 -> 0 | AF114: Vận chuyển | AL114: 1 | AN114: =IF(AG8="Ô tô", 400000, IF(AG8="Xe máy", 150000,IF(AG8=0,0))) -> 0 | AQ114: =AL114*AN114 -> 0
...

Sheet Bảng tính giá Tổng hợp
B2: Hộp Sóng - Nắp cài Pizza
B4: Số lượng | C4: 10000 | E4: 0.15 | G4: Giá thành | H4: ='BG - Hộp Sóng Nắp Cài Pizza'!D3+'BG - Hộp Sóng Nắp Cài Pizza'!AI3 -> 8392.8741
B6: NẮP | E6: ='BG - Hộp Sóng Nắp Cài Pizza'!D3 -> 8392.8741 | L6: KHAY ĐỊNH HÌNH | O6: ='BG - Hộp Sóng Nắp Cài Pizza'!AI3 -> 0
B7: Dài | C7: Rộng | D7: Cao | E7: Thành | L7: Không Khay | N7: Cao
B8: 32 | C8: 22 | D8: 8 | E8: 0.5 | N8: 4
B9: Chất liệu giấy | C9: i300 | L9: Chất liệu giấy | M9: i300
B10: Cán | C10: Mờ | L10: Cán | M10: Mờ
B11: Số bát/tờ in | C11: 1x1 | L11: Số bát/tờ in | M11: 1x2
B12: Số màu | C12: 4 | D12: 2m = 1 Pha | L12: Số màu | M12: 1 | N12: 2m = 1 Pha
B13: Bồi | C13: Sóng E Nâu | L13: Bồi | M13: Sóng E Nâu
B14: Ghép Metalize | C14: 0 | L14: Ghép Metalize | M14: 0
B15: In Offset UV | C15: 0 | L15: In Offset UV | M15: 0
B16: Lăn Vân | C16: 0 | L16: Lăn Vân | M16: 0
B17: Dây xách | C17: 0 | L17: Khay Cao Su non | M17: 0 | N17: cm
B18: In Mặt trong | C18: 0 | D18: Màu | L18: Khay Xốp Foam | M18: 0 | N18: cm
B19: Cán Mặt trong | C19: 0 | L19: Bồi | M19: 0
B20: Xả lô | C20: =IF('BG - Hộp Sóng Nắp Cài Pizza'!$D$88>'BG - Hộp Sóng Nắp Cài Pizza'!$E$88,'BG - Hộp Sóng Nắp Cài Pizza'!$E$88,'BG - Hộp Sóng Nắp Cài Pizza'!$D$88) -> 65.4 | D20: =IF('BG - Hộp Sóng Nắp Cài Pizza'!$E$88<'BG - Hộp Sóng Nắp Cài Pizza'!$D$88,'BG - Hộp Sóng Nắp Cài Pizza'!$D$88,'BG - Hộp Sóng Nắp Cài Pizza'!$E$88) -> 68.3 | E20: Số lượng | L20: Xả lô | M20: =IF('BG - Hộp Sóng Nắp Cài Pizza'!$AI$88>'BG - Hộp Sóng Nắp Cài Pizza'!$AJ$88,'BG - Hộp Sóng Nắp Cài Pizza'!$AJ$88,'BG - Hộp Sóng Nắp Cài Pizza'!$AI$88) -> 39 | N20: =IF('BG - Hộp Sóng Nắp Cài Pizza'!$AJ$88<'BG - Hộp Sóng Nắp Cài Pizza'!$AI$88,'BG - Hộp Sóng Nắp Cài Pizza'!$AI$88,'BG - Hộp Sóng Nắp Cài Pizza'!$AJ$88) -> 59.2 | O20: Số lượng
B21: Nhập Khổ chuẩn | C21: =IF(C20>D20,D20,C20) -> 65.4 | D21: =IF(C21=D20,C20,D20) -> 68.3 | E21: ='BG - Hộp Sóng Nắp Cài Pizza'!G89 -> 10400 | L21: Nhập Khổ chuẩn | M21: =IF(M20>N20,N20,M20) -> 39 | N21: =IF(M21=N20,M20,N20) -> 59.2 | O21: ='BG - Hộp Sóng Nắp Cài Pizza'!AL89 -> 100
B22: LƯU Ý | C22: Nhỏ hơn | D22: Lớn hơn | L22: LƯU Ý | M22: Nhỏ hơn | N22: Lớn hơn
B23: Lưới UV | C23: 0 | L23: Lưới UV | M23: 0
C24: Dài | D24: Rộng | E24: Số vị trí | M24: Dài | N24: Rộng | O24: Số vị trí
B25: Ép nhũ 1 | C25: 0 | D25: 1 Mặt | L25: Ép nhũ 1 | M25: 0 | N25: 1 Mặt
B26: Kích thước khuôn | C26: 0 | D26: 0 | E26: 1 | L26: Kích thước khuôn | M26: 0 | N26: 0 | O26: 1
B27: Ép nhũ 2 | C27: 0 | D27: 1 Mặt | L27: Ép nhũ 2 | M27: 0 | N27: 1 Mặt
B28: Kích thước khuôn | C28: 0 | D28: 0 | E28: 1 | L28: Kích thước khuôn | M28: 0 | N28: 0 | O28: 1
B29: Ép nhũ 3 | C29: 0 | D29: 1 Mặt | L29: Ép nhũ 3 | M29: 0 | N29: 1 Mặt
B30: Kích thước khuôn | C30: 0 | D30: 0 | E30: 1 | L30: Kích thước khuôn | M30: 0 | N30: 0 | O30: 1
B31: Thúc nổi | C31: 0 | D31: 1 Mặt | L31: Thúc nổi | M31: 0 | N31: 1 Mặt
B32: Kích thước khuôn | C32: 0 | D32: 0 | E32: 1 | L32: Kích thước khuôn | M32: 0 | N32: 0 | O32: 1

Sheet Bảng giá giấy
B1: Bảng giá Giấy
A2: Tên giấy | B2: Mã giấy | C2: Định lượng | D2: Giá
B3: C80 | C3: 80 | D3: 23.6
B4: C100 | C4: 100 | D4: 21.8
B5: C120 | C5: 120 | D5: =D4 -> 21.8
B6: C140 | C6: 140 | D6: =D4 -> 21.8
B7: C150 | C7: 150 | D7: =D4 -> 21.8
B8: C180 | C8: 180 | D8: =D4 -> 21.8
B9: C200 | C9: 200 | D9: =D4 -> 21.8
B10: C230 | C10: 230 | D10: =D4 -> 21.8
B11: C250 | C11: 250 | D11: =D4 -> 21.8
B12: C300 | C12: 300 | D12: =D4 -> 21.8
B13: C-P300 | C13: 300 | D13: 24.3
B14: C-P350 | C14: 350 | D14: =D13 -> 24.3
B15: Carton 1.5 | D15: 11350
B16: Carton 1.6 | D16: 11776
B17: Carton 1.8 | D17: 13552
B18: Carton 1.8 Trắng | D18: 16188
B19: Carton 2.0 | D19: 14729
B20: Carton 2.0 Trắng | D20: 16629
B21: Carton 2.2 | D21: 15905
B22: Carton 2.2 Trắng | D22: 19115
B23: Carton 2.4 | D23: 17945
B24: Carton 2.4 Trắng | D24: 19666
B25: Carton 2.8 | D25: 20913
B26: Carton 3.0 | D26: 21337
B27: I210 | C27: 210 | D27: 18.2
B28: I230 | C28: 230 | D28: 17.4
B29: I250 | C29: 250 | D29: =D28 -> 17.4
B30: I280 | C30: 280 | D30: =D28 -> 17.4
B31: I300 | C31: 300 | D31: =D28 -> 17.4
B32: I350 | C32: 350 | D32: =D28 -> 17.4
B33: I400 | C33: 400 | D33: =D28 -> 17.4
B34: D250 | C34: 250 | D34: 16.5
B35: D300 | C35: 300 | D35: 15.5
B36: D350 | C36: 350 | D36: 15.2
B37: D400 | C37: 400 | D37: =D36 -> 15.2
B38: Op70 | C38: 70 | D38: 22
B39: Op80 | C39: 80 | D39: =D38 -> 22
B40: Op100 | C40: 100 | D40: =D38 -> 22
B41: Op120 | C41: 120 | D41: =D38 -> 22
B42: Op140 | C42: 140 | D42: =D38 -> 22
B43: Op150 | C43: 150 | D43: =D38 -> 22
B44: Op180 | C44: 180 | D44: 25
B45: Op200 | C45: 200 | D45: 28.7
B46: Op250 | C46: 250 | D46: =D45 -> 28.7
B47: K-T120 | C47: 120 | D47: 32.5
B48: K-VT170 | C48: 170 | D48: 17
B49: K-VT250 | C49: 250 | D49: =D48 -> 17
B50: Không | C50: 0 | D50: 0
B51: Sóng E Nâu | C51: 1 | D51: 3800
B52: Sóng E Trắng | C52: 1 | D52: 5000
B53: Sóng B Nâu | C53: 1 | D53: 4400
B54: Sóng B Trắng | C54: 1 | D54: 5300
